Workbook

Sheet TỔNG HỢP
A1: DỰ TOÁN HỆ THỐNG CÔNG TẮC THÔNG MINH DOFA SMART
A2: Công trình: Nội thất nhà phố 3 tầng – Chủ đầu tư: Chị Thu – Địa điểm: Thái Bình (Hồ sơ TK: PM HOME, 28/07/2026)
A3: Hạng mục: Công tắc cảm ứng bật/tắt đèn thông minh DOFA SMART (Zigbee) – bóc tách theo MB công tắc & MB đèn trần T1, T2, T3
A5: A. ĐƠN GIÁ THIẾT BỊ ÁP DỤNG (ô màu vàng = ô nhập liệu, có thể sửa – toàn bộ dự toán tự cập nhật)
A6: Mã | B6: Thiết bị | C6: Chuẩn kết nối | D6: ĐVT | F6: Đơn giá (VNĐ) | H6: Ghi chú
A7: CT1 | B7: Công tắc cảm ứng thông minh DOFA 1 nút, mặt kính cường lực | C7: Zigbee 3.0 | D7: cái | F7: 900000 | H7: Dự phòng khi cần tách nút
A8: CT2 | B8: Công tắc cảm ứng thông minh DOFA 2 nút, mặt kính cường lực | C8: Zigbee 3.0 | D8: cái | F8: 930000 | H8: Tham khảo dòng vuông Zigbee
A9: CT3 | B9: Công tắc cảm ứng thông minh DOFA 3 nút, mặt kính cường lực | C9: Zigbee 3.0 | D9: cái | F9: 950000 | H9: Giá niêm yết tham khảo ~950.000đ
A10: CT4 | B10: Công tắc cảm ứng thông minh DOFA 4 nút, mặt kính cường lực | C10: Zigbee 3.0 | D10: cái | F10: 990000 | H10: Giá niêm yết tham khảo 970.000–990.000đ
A11: HUB | B11: Bộ điều khiển trung tâm (Hub Zigbee) DOFA SMART | C11: Zigbee/Wifi/LAN | D11: bộ | F11: 1500000 | H11: Bắt buộc cho hệ Zigbee, đặt tại tầng 2
A12: BNL | B12: Công tắc bình nóng lạnh cảm ứng wifi 20A DOFA (tùy chọn) | C12: Wifi 2.4GHz | D12: cái | F12: 455000 | H12: Không cộng vào tổng – xem sheet PHƯƠNG ÁN
A13: NC | B13: Công tắc điều khiển ngữ cảnh DOFA (tùy chọn) | C13: Zigbee 3.0 | D13: cái | F13: 850000 | H13: Không cộng vào tổng – xem sheet PHƯƠNG ÁN
A14: Nguồn giá: niêm yết tham khảo của DOFA SMART (dofa.vn) và đại lý tại thời điểm 09/2026, chưa gồm VAT. Đề nghị lấy báo giá chính thức từ đại lý DOFA trước khi ký hợp đồng.
A16: B. SỐ LƯỢNG CÔNG TẮC THEO TẦNG VÀ LOẠI
B17: Khu vực | C17: 1 nút | D17: 2 nút | E17: 3 nút | F17: 4 nút | G17: Tổng (cái)
B18: TẦNG 1 | C18: =SUMIF('TẦNG 1'!$F$6:$F$11,1,'TẦNG 1'!$G$6:$G$11) -> 0 | D18: =SUMIF('TẦNG 1'!$F$6:$F$11,2,'TẦNG 1'!$G$6:$G$11) -> 0 | E18: =SUMIF('TẦNG 1'!$F$6:$F$11,3,'TẦNG 1'!$G$6:$G$11) -> 3 | F18: =SUMIF('TẦNG 1'!$F$6:$F$11,4,'TẦNG 1'!$G$6:$G$11) -> 3 | G18: =SUM(C18:F18) -> 6
B19: TẦNG 2 | C19: =SUMIF('TẦNG 2'!$F$6:$F$15,1,'TẦNG 2'!$G$6:$G$15) -> 0 | D19: =SUMIF('TẦNG 2'!$F$6:$F$15,2,'TẦNG 2'!$G$6:$G$15) -> 5 | E19: =SUMIF('TẦNG 2'!$F$6:$F$15,3,'TẦNG 2'!$G$6:$G$15) -> 2 | F19: =SUMIF('TẦNG 2'!$F$6:$F$15,4,'TẦNG 2'!$G$6:$G$15) -> 3 | G19: =SUM(C19:F19) -> 10
B20: TẦNG 3 | C20: =SUMIF('TẦNG 3'!$F$6:$F$9,1,'TẦNG 3'!$G$6:$G$9) -> 0 | D20: =SUMIF('TẦNG 3'!$F$6:$F$9,2,'TẦNG 3'!$G$6:$G$9) -> 1 | E20: =SUMIF('TẦNG 3'!$F$6:$F$9,3,'TẦNG 3'!$G$6:$G$9) -> 3 | F20: =SUMIF('TẦNG 3'!$F$6:$F$9,4,'TẦNG 3'!$G$6:$G$9) -> 0 | G20: =SUM(C20:F20) -> 4
B21: TỔNG CỘNG | C21: =SUM(C18:C20) -> 0 | D21: =SUM(D18:D20) -> 6 | E21: =SUM(E18:E20) -> 8 | F21: =SUM(F18:F20) -> 6 | G21: =SUM(G18:G20) -> 20
A23: C. TỔNG HỢP KINH PHÍ ĐẦU TƯ
A24: STT | B24: Nội dung | F24: Thành tiền (VNĐ) | G24: Tỷ trọng | H24: Ghi chú
A25: 1 | B25: Thiết bị công tắc thông minh TẦNG 1 | F25: ='TẦNG 1'!$I$12 -> 5820000 | G25: =F25/$F$32 -> 0.23974296 | H25: Chi tiết tại sheet TẦNG 1
A26: 2 | B26: Thiết bị công tắc thông minh TẦNG 2 | F26: ='TẦNG 2'!$I$16 -> 9520000 | G26: =F26/$F$32 -> 0.39215686 | H26: Chi tiết tại sheet TẦNG 2
A27: 3 | B27: Thiết bị công tắc thông minh TẦNG 3 | F27: ='TẦNG 3'!$I$10 -> 3780000 | G27: =F27/$F$32 -> 0.15570934 | H27: Chi tiết tại sheet TẦNG 3
A28: 4 | B28: Bộ điều khiển trung tâm Hub Zigbee DOFA (1 bộ) | F28: ='TỔNG HỢP'!$F$11*1 -> 1500000 | G28: =F28/$F$32 -> 0.061789422 | H28: Đặt tầng 2, gần vị trí wifi để trần
A29: 5 | B29: Nhân công lắp đặt, đấu nối, cài đặt app (100.000đ/vị trí) | F29: =G21*100000 -> 2000000 | G29: =F29/$F$32 -> 0.082385896 | H29: Theo tổng số công tắc tại bảng B
A30: 6 | B30: Cấu hình ngữ cảnh, ghép nhóm đảo chiều, bàn giao hướng dẫn | F30: =500000 -> 500000 | G30: =F30/$F$32 -> 0.020596474 | H30: Trọn gói toàn nhà
A31: 7 | B31: Dự phòng phát sinh 5% (vật tư phụ, đế âm, vận chuyển) | F31: =ROUND(SUM(F25:F30)*5%,0) -> 1156000 | G31: =F31/$F$32 -> 0.047619048
A32: TỔNG KINH PHÍ (chưa gồm VAT) | F32: =SUM(F25:F31) -> 24276000
A34: D. GHI CHÚ & GIẢ ĐỊNH BÓC TÁCH
A35: 1. Khối lượng bóc tách theo: MB công tắc & MB đèn trần các tầng (NT-T1/T2/T3-03,04 – PM HOME 28/07/2026) và bản vẽ đèn cập nhật 04/09; nghiệm thu theo thực tế thi công.
A36: 2. Phương án dùng công tắc cảm ứng DOFA SMART chuẩn Zigbee 3.0 + 1 Hub trung tâm: điều khiển tại chỗ, qua app DOFA trên điện thoại, giọng nói (Google/Alexa), hẹn giờ, ngữ cảnh.
A37: 3. Các vị trí đảo chiều (2 công tắc chung mạch đèn: cầu thang, đầu giường, 2 đầu hành lang) thực hiện bằng GHÉP NHÓM KHÔNG DÂY giữa 2 công tắc thông minh – giữ nguyên hệ dây theo bản vẽ, không cần kéo thêm dây điều khiển.
A38: 4. Quạt trần, quạt gió đa năng WC: bản vẽ ghi dùng điều khiển từ xa riêng – công tắc thông minh chỉ cấp/cắt nguồn.
A39: 5. Đơn giá tham khảo niêm yết DOFA SMART 09/2026, chưa gồm VAT 8-10%; chưa gồm chi phí đèn, dây dẫn, đế âm bổ sung (nếu hiện trạng thiếu).
A40: 6. Mạch LED công suất rất nhỏ có thể cần tụ bù/bộ chống nháy kèm theo công tắc cảm ứng – đã nằm trong khoản dự phòng 5%.
A41: 7. Tùy chọn mở rộng (công tắc bình nóng lạnh, công tắc ngữ cảnh, cảm biến): xem sheet PHƯƠNG ÁN – chưa cộng vào tổng kinh phí.

Sheet TẦNG 1
A1: CHI TIẾT DỰ TOÁN CÔNG TẮC DOFA SMART – TẦNG 1
A2: Căn cứ: MB công tắc tầng 1 (NT-T1-04) + MB đèn trần tầng 1 (NT-T1-03) + bản vẽ đèn cập nhật 04/09
A4: 1. VỊ TRÍ LẮP ĐẶT CÔNG TẮC THÔNG MINH – TẦNG 1
A5: STT | B5: Vị trí lắp đặt | C5: Khu vực | D5: Các nút điều khiển (mạch đèn theo bản vẽ) | E5: Thiết bị DOFA đề xuất | F5: Số nút | G5: SL | H5: Đơn giá (VNĐ) | I5: Thành tiền (VNĐ) | J5: Ghi chú
A6: 1 | B6: Bên phải cửa chính | C6: P.Khách | D6: N1: Downlight Φ95 P.Khách (M1) • N2: LED hắt kệ TiVi + tủ trang trí (M2) • N3: Đèn rọi 3K khu sofa (M3) • N4: Đèn hắt tường mặt tiền (M3A) | E6: Công tắc cảm ứng Zigbee 4 nút, mặt kính | F6: 4 | G6: 1 | H6: ='TỔNG HỢP'!$F$10 -> 990000 | I6: =G6*H6 -> 990000 | J6: Cặp đảo chiều không dây với CT số 2
A7: 2 | B7: Vách cầu thang – phía P.Khách | C7: P.Khách | D7: N1–N4: như CT số 1 (M1, M2, M3, M3A) | E7: Công tắc cảm ứng Zigbee 4 nút, mặt kính | F7: 4 | G7: 1 | H7: ='TỔNG HỢP'!$F$10 -> 990000 | I7: =G7*H7 -> 990000 | J7: Đảo chiều không dây (ghép nhóm qua app, không cần kéo dây)
A8: 3 | B8: Vách cầu thang – phía bếp | C8: Bếp + Bàn ăn | D8: N1: Downlight Φ95 bếp/bàn ăn (M4) • N2: Đèn thả bàn ăn 3K (M5) • N3: Nguồn quạt trần (M6) • N4: Đèn cầu thang T1–T2 (M6A) | E8: Công tắc cảm ứng Zigbee 4 nút, mặt kính | F8: 4 | G8: 1 | H8: ='TỔNG HỢP'!$F$10 -> 990000 | I8: =G8*H8 -> 990000 | J8: Quạt trần điều khiển bằng remote riêng theo bản vẽ
A9: 4 | B9: Cạnh cửa WC 01 | C9: WC 01 | D9: N1: Downlight Φ75 (M7) • N2: LED gương (M8) • N3: Đèn khu tắm (M8A) | E9: Công tắc cảm ứng Zigbee 3 nút, mặt kính | F9: 3 | G9: 1 | H9: ='TỔNG HỢP'!$F$9 -> 950000 | I9: =G9*H9 -> 950000 | J9: Quạt gió đa năng dùng điều khiển riêng theo bản vẽ
A10: 5 | B10: Cạnh cửa P.Ngủ 1 | C10: P.Ngủ 1 | D10: N1: Downlight Φ75 (M9) • N2: Đèn ray/rọi (M10) • N3: LED trang trí (M10A) | E10: Công tắc cảm ứng Zigbee 3 nút, mặt kính | F10: 3 | G10: 1 | H10: ='TỔNG HỢP'!$F$9 -> 950000 | I10: =G10*H10 -> 950000 | J10: Cặp đảo chiều với CT đầu giường
A11: 6 | B11: Đầu giường P.Ngủ 1 (+500) | C11: P.Ngủ 1 | D11: N1–N3: như CT số 5 (M9, M10, M10A) | E11: Công tắc cảm ứng Zigbee 3 nút, mặt kính | F11: 3 | G11: 1 | H11: ='TỔNG HỢP'!$F$9 -> 950000 | I11: =G11*H11 -> 950000 | J11: Đảo chiều không dây – tắt toàn phòng tại giường
A12: CỘNG THIẾT BỊ TẦNG 1 | G12: =SUM(G6:G11) -> 6 | I12: =SUM(I6:I11) -> 5820000
A14: 2. BẢNG BÓC TÁCH MẠCH ĐÈN THAM CHIẾU – TẦNG 1 (số lượng bóc theo bản vẽ, nghiệm thu theo thực tế)
A15: Mạch | B15: Khu vực | C15: Loại đèn / tải điều khiển | D15: SL | E15: ĐVT | F15: Điều khiển bởi nút / công tắc | J15: Ghi chú
A16: M1 | B16: P.Khách | C16: Đèn downlight Φ95 | D16: 8 | E16: bộ | F16: Nút 1 – CT số 1 & 2
A17: M2 | B17: P.Khách | C17: LED dây hắt kệ TiVi + tủ trang trí | D17: 6 | E17: md | F17: Nút 2 – CT số 1 & 2 | J17: Chiều dài tạm tính
A18: M3 | B18: P.Khách | C18: Đèn rọi Φ75 ánh sáng 3K khu sofa | D18: 4 | E18: bộ | F18: Nút 3 – CT số 1 & 2
A19: M3A | B19: Mặt tiền/lô gia | C19: Đèn hắt tường trang trí | D19: 4 | E19: bộ | F19: Nút 4 – CT số 1 & 2
A20: M4 | B20: Bếp + Bàn ăn | C20: Downlight Φ95 (6) + rọi Φ75 (2) | D20: 8 | E20: bộ | F20: Nút 1 – CT số 3
A21: M5 | B21: Bàn ăn | C21: Đèn thả trần 3K trên bàn ăn | D21: 2 | E21: bộ | F21: Nút 2 – CT số 3
A22: M6 | B22: P.Khách + Bàn ăn | C22: Quạt trần (cấp nguồn) | D22: 2 | E22: bộ | F22: Nút 3 – CT số 3 | J22: Tốc độ/đèn quạt dùng remote
A23: M6A | B23: Cầu thang T1–T2 | C23: Đèn âm bậc/gắn tường cầu thang (+1800) | D23: 3 | E23: bộ | F23: Nút 4 – CT số 3
A24: M7 | B24: WC 01 | C24: Downlight Φ75 | D24: 2 | E24: bộ | F24: Nút 1 – CT số 4
A25: M8 | B25: WC 01 | C25: LED gương lavabo | D25: 1 | E25: bộ | F25: Nút 2 – CT số 4
A26: M8A | B26: WC 01 | C26: Đèn khu tắm | D26: 1 | E26: bộ | F26: Nút 3 – CT số 4
A27: M9 | B27: P.Ngủ 1 | C27: Downlight Φ75 | D27: 6 | E27: bộ | F27: Nút 1 – CT số 5 & 6
A28: M10 | B28: P.Ngủ 1 | C28: Đèn ray/rọi đầu giường | D28: 2 | E28: bộ | F28: Nút 2 – CT số 5 & 6
A29: M10A | B29: P.Ngủ 1 | C29: LED trang trí/khe rèm | D29: 1 | E29: bộ | F29: Nút 3 – CT số 5 & 6
A30: M11 | B30: Gầm cầu thang/bếp | C30: Đèn tuýt LED bổ sung gầm cầu thang | D30: 2 | E30: bộ | F30: Công tắc tại chỗ (giữ nguyên) | J30: Ngoài phạm vi smart, có thể bổ sung

Sheet TẦNG 2
A1: CHI TIẾT DỰ TOÁN CÔNG TẮC DOFA SMART – TẦNG 2
A2: Căn cứ: MB công tắc tầng 2 (NT-T2-04) + MB đèn trần tầng 2 (NT-T2-03) + bản vẽ đèn cập nhật 04/09
A4: 1. VỊ TRÍ LẮP ĐẶT CÔNG TẮC THÔNG MINH – TẦNG 2
A5: STT | B5: Vị trí lắp đặt | C5: Khu vực | D5: Các nút điều khiển (mạch đèn theo bản vẽ) | E5: Thiết bị DOFA đề xuất | F5: Số nút | G5: SL | H5: Đơn giá (VNĐ) | I5: Thành tiền (VNĐ) | J5: Ghi chú
A6: 1 | B6: Cạnh cửa WC 02 | C6: WC 02 | D6: N1: Downlight Φ75 (M13) • N2: LED gương (M13A) | E6: Công tắc cảm ứng Zigbee 2 nút, mặt kính | F6: 2 | G6: 1 | H6: ='TỔNG HỢP'!$F$8 -> 930000 | I6: =G6*H6 -> 930000 | J6: Quạt gió đa năng dùng điều khiển riêng
A7: 2 | B7: Cửa khu giặt phơi | C7: Khu giặt phơi | D7: N1: Đèn tuýt LED khu giặt (M13B) • N2: Đèn tuýt LED khu phơi (M13C) | E7: Công tắc cảm ứng Zigbee 2 nút, mặt kính | F7: 2 | G7: 1 | H7: ='TỔNG HỢP'!$F$8 -> 930000 | I7: =G7*H7 -> 930000
A8: 3 | B8: Hành lang – đầu cầu thang | C8: Hành lang T2 | D8: N1: Downlight Φ75 hành lang (M12) • N2: Đèn rọi tranh (M12B) | E8: Công tắc cảm ứng Zigbee 2 nút, mặt kính | F8: 2 | G8: 1 | H8: ='TỔNG HỢP'!$F$8 -> 930000 | I8: =G8*H8 -> 930000 | J8: Cặp đảo chiều với CT số 4
A9: 4 | B9: Hành lang – cuối, gần P.Ngủ Master | C9: Hành lang T2 | D9: N1–N2: như CT số 3 (M12, M12B) | E9: Công tắc cảm ứng Zigbee 2 nút, mặt kính | F9: 2 | G9: 1 | H9: ='TỔNG HỢP'!$F$8 -> 930000 | I9: =G9*H9 -> 930000 | J9: Đảo chiều không dây
A10: 5 | B10: Cạnh cửa P.Ngủ 2 | C10: P.Ngủ 2 | D10: N1: Downlight Φ75 (M14) • N2: LED khe rèm/giật cấp (M15) • N3: Đèn rọi 3K Φ55 đầu giường (M16) • N4: Đèn rọi tranh (M16A) | E10: Công tắc cảm ứng Zigbee 4 nút, mặt kính | F10: 4 | G10: 1 | H10: ='TỔNG HỢP'!$F$10 -> 990000 | I10: =G10*H10 -> 990000 | J10: Cặp đảo chiều với CT đầu giường
A11: 6 | B11: Đầu giường P.Ngủ 2 | C11: P.Ngủ 2 | D11: N1: M14 • N2: M15 • N3: M16 | E11: Công tắc cảm ứng Zigbee 3 nút, mặt kính | F11: 3 | G11: 1 | H11: ='TỔNG HỢP'!$F$9 -> 950000 | I11: =G11*H11 -> 950000 | J11: Đảo chiều không dây
A12: 7 | B12: Cạnh cửa P.Ngủ Master | C12: P.Ngủ Master | D12: N1: Downlight Φ75 (M17) • N2: LED giật cấp (M18) • N3: Đèn rọi 3K Φ55 (M19) • N4: Đèn thả đầu giường + đèn hắt lô gia (M19A) | E12: Công tắc cảm ứng Zigbee 4 nút, mặt kính | F12: 4 | G12: 1 | H12: ='TỔNG HỢP'!$F$10 -> 990000 | I12: =G12*H12 -> 990000 | J12: Cặp đảo chiều với CT đầu giường
A13: 8 | B13: Đầu giường P.Ngủ Master (+550) | C13: P.Ngủ Master | D13: N1–N4: như CT số 7 (M17, M18, M19, M19A) | E13: Công tắc cảm ứng Zigbee 4 nút, mặt kính | F13: 4 | G13: 1 | H13: ='TỔNG HỢP'!$F$10 -> 990000 | I13: =G13*H13 -> 990000 | J13: Đảo chiều không dây
A14: 9 | B14: Khu bàn phấn / chân thang lên T3 | C14: Sảnh Master | D14: N1: Đèn cầu thang T2–T3 (M19B) • N2: Đèn bàn phấn (M19C) | E14: Công tắc cảm ứng Zigbee 2 nút, mặt kính | F14: 2 | G14: 1 | H14: ='TỔNG HỢP'!$F$8 -> 930000 | I14: =G14*H14 -> 930000 | J14: M19B ghép đảo chiều với CT tầng 3
A15: 10 | B15: Cạnh cửa WC 03 | C15: WC 03 | D15: N1: Downlight Φ75 (M20) • N2: Đèn khu tắm (M20A) • N3: LED gương (M20B) | E15: Công tắc cảm ứng Zigbee 3 nút, mặt kính | F15: 3 | G15: 1 | H15: ='TỔNG HỢP'!$F$9 -> 950000 | I15: =G15*H15 -> 950000 | J15: Quạt gió đa năng dùng điều khiển riêng
A16: CỘNG THIẾT BỊ TẦNG 2 | G16: =SUM(G6:G15) -> 10 | I16: =SUM(I6:I15) -> 9520000
A18: 2. BẢNG BÓC TÁCH MẠCH ĐÈN THAM CHIẾU – TẦNG 2 (số lượng bóc theo bản vẽ, nghiệm thu theo thực tế)
A19: Mạch | B19: Khu vực | C19: Loại đèn / tải điều khiển | D19: SL | E19: ĐVT | F19: Điều khiển bởi nút / công tắc | J19: Ghi chú
A20: M12 | B20: Hành lang T2 | C20: Downlight Φ75 | D20: 5 | E20: bộ | F20: Nút 1 – CT số 3 & 4
A21: M12B | B21: Hành lang T2 | C21: Đèn rọi tranh Φ75 | D21: 1 | E21: bộ | F21: Nút 2 – CT số 3 & 4
A22: M13 | B22: WC 02 | C22: Downlight Φ75 | D22: 2 | E22: bộ | F22: Nút 1 – CT số 1
A23: M13A | B23: WC 02 | C23: LED gương lavabo | D23: 1 | E23: bộ | F23: Nút 2 – CT số 1
A24: M13B | B24: Khu giặt | C24: Đèn tuýt LED | D24: 1 | E24: bộ | F24: Nút 1 – CT số 2
A25: M13C | B25: Khu phơi | C25: Đèn tuýt LED | D25: 1 | E25: bộ | F25: Nút 2 – CT số 2
A26: M14 | B26: P.Ngủ 2 | C26: Downlight Φ75 | D26: 6 | E26: bộ | F26: Nút 1 – CT số 5 & 6
A27: M15 | B27: P.Ngủ 2 | C27: LED khe rèm/trần giật cấp | D27: 1 | E27: hệ | F27: Nút 2 – CT số 5 & 6
A28: M16 | B28: P.Ngủ 2 | C28: Đèn rọi 3K Φ55 đầu giường | D28: 2 | E28: bộ | F28: Nút 3 – CT số 5 & 6
A29: M16A | B29: P.Ngủ 2 | C29: Đèn rọi tranh | D29: 1 | E29: bộ | F29: Nút 4 – CT số 5
A30: M17 | B30: P.Ngủ Master | C30: Downlight Φ75 | D30: 8 | E30: bộ | F30: Nút 1 – CT số 7 & 8
A31: M18 | B31: P.Ngủ Master | C31: LED trần giật cấp/khe rèm | D31: 1 | E31: hệ | F31: Nút 2 – CT số 7 & 8
... A38: M20B | B38: WC 03 | C38: LED gương lavabo | D38: 1 | E38: bộ | F38: Nút 3 – CT số 10

Sheet TẦNG 3
A1: CHI TIẾT DỰ TOÁN CÔNG TẮC DOFA SMART – TẦNG 3
A2: Căn cứ: MB công tắc tầng 3 (NT-T3-04) + MB đèn trần tầng 3 (NT-T3-03) + bản vẽ đèn cập nhật 04/09
A4: 1. VỊ TRÍ LẮP ĐẶT CÔNG TẮC THÔNG MINH – TẦNG 3
A5: STT | B5: Vị trí lắp đặt | C5: Khu vực | D5: Các nút điều khiển (mạch đèn theo bản vẽ) | E5: Thiết bị DOFA đề xuất | F5: Số nút | G5: SL | H5: Đơn giá (VNĐ) | I5: Thành tiền (VNĐ) | J5: Ghi chú
A6: 1 | B6: Đầu cầu thang tầng 3 | C6: Sảnh thang T3 | D6: N1: Downlight Φ75 sảnh (M21) • N2: Đèn rọi (M21A) • N3: Đèn cầu thang T2–T3 (M19B – đảo chiều) | E6: Công tắc cảm ứng Zigbee 3 nút, mặt kính | F6: 3 | G6: 1 | H6: ='TỔNG HỢP'!$F$9 -> 950000 | I6: =G6*H6 -> 950000 | J6: Gộp 2 vị trí (21,21A)+(19B) trên bản vẽ vào 1 mặt 3 nút
A7: 2 | B7: Cạnh cửa Phòng thờ | C7: Phòng thờ | D7: N1: Downlight khu bàn thờ (M22) • N2: Downlight khu vực chung (M23) | E7: Công tắc cảm ứng Zigbee 2 nút, mặt kính | F7: 2 | G7: 1 | H7: ='TỔNG HỢP'!$F$8 -> 930000 | I7: =G7*H7 -> 930000 | J7: Đèn tuýt hắt bàn thờ đấu chung mạch M22
A8: 3 | B8: Cạnh cửa P.Ngủ 3 | C8: P.Ngủ 3 | D8: N1: Downlight Φ75 (M26) • N2: Downlight khu phụ (M26A) • N3: Đèn sân chơi trước phòng (M27) | E8: Công tắc cảm ứng Zigbee 3 nút, mặt kính | F8: 3 | G8: 1 | H8: ='TỔNG HỢP'!$F$9 -> 950000 | I8: =G8*H8 -> 950000
A9: 4 | B9: Cửa ra sân chơi lớn | C9: Sân chơi BBQ | D9: N1: Đèn tuýt cửa sân (M24) • N2: Đèn tường sân +1m8 (M25) • N3: Đèn thả/trang trí bàn BBQ (M25A) | E9: Công tắc cảm ứng Zigbee 3 nút, mặt kính | F9: 3 | G9: 1 | H9: ='TỔNG HỢP'!$F$9 -> 950000 | I9: =G9*H9 -> 950000 | J9: Chọn loại chống ẩm vị trí gần cửa ra sân
A10: CỘNG THIẾT BỊ TẦNG 3 | G10: =SUM(G6:G9) -> 4 | I10: =SUM(I6:I9) -> 3780000
A12: 2. BẢNG BÓC TÁCH MẠCH ĐÈN THAM CHIẾU – TẦNG 3 (số lượng bóc theo bản vẽ, nghiệm thu theo thực tế)
A13: Mạch | B13: Khu vực | C13: Loại đèn / tải điều khiển | D13: SL | E13: ĐVT | F13: Điều khiển bởi nút / công tắc | J13: Ghi chú
A14: M21 | B14: Sảnh thang T3 | C14: Downlight Φ75 | D14: 3 | E14: bộ | F14: Nút 1 – CT số 1
A15: M21A | B15: Sảnh thang T3 | C15: Đèn rọi Φ75 | D15: 1 | E15: bộ | F15: Nút 2 – CT số 1
A16: M19B | B16: Cầu thang T2–T3 | C16: Đèn cầu thang (đảo chiều với T2) | D16: 3 | E16: bộ | F16: Nút 3 – CT số 1 | J16: Đã tính đèn ở bảng tầng 2
A17: M22 | B17: Phòng thờ | C17: Downlight Φ75 khu bàn thờ + tuýt hắt | D17: 3 | E17: bộ | F17: Nút 1 – CT số 2
A18: M23 | B18: Phòng thờ | C18: Downlight Φ75 | D18: 2 | E18: bộ | F18: Nút 2 – CT số 2
A19: M24 | B19: Sân chơi | C19: Đèn tuýt LED cửa ra sân | D19: 1 | E19: bộ | F19: Nút 1 – CT số 4
A20: M25 | B20: Sân chơi | C20: Đèn gắn tường ngoài trời (+1800) | D20: 4 | E20: bộ | F20: Nút 2 – CT số 4 | J20: Đèn ngoài trời IP65
A21: M25A | B21: Sân chơi | C21: Đèn thả/trang trí bàn BBQ + ghế băng | D21: 6 | E21: bộ | F21: Nút 3 – CT số 4
A22: M26 | B22: P.Ngủ 3 | C22: Downlight Φ75 | D22: 6 | E22: bộ | F22: Nút 1 – CT số 3
A23: M26A | B23: P.Ngủ 3 | C23: Downlight Φ75 khu phụ | D23: 2 | E23: bộ | F23: Nút 2 – CT số 3
A24: M27 | B24: Sân chơi nhỏ | C24: Đèn sân trước P.Ngủ 3 | D24: 1 | E24: bộ | F24: Nút 3 – CT số 3

Sheet PHƯƠNG ÁN
A1: PHƯƠNG ÁN KỸ THUẬT – HỆ CÔNG TẮC THÔNG MINH DOFA SMART
A3: 1. NGUYÊN LÝ HỆ THỐNG
A4: • | B4: Thiết bị | C4: Thay toàn bộ công tắc cơ tại đúng vị trí bản vẽ bằng công tắc cảm ứng DOFA SMART mặt kính, chuẩn Zigbee 3.0. Tổng 20 công tắc / 3 tầng, giữ nguyên sơ đồ mạch đèn hiện có.
A5: • | B5: Hub trung tâm | C5: 01 Hub Zigbee đặt tại tầng 2 (khu vực có chờ 'WIFI để trần' theo bản vẽ NT-T2-04) – phủ sóng đều 3 tầng, kết nối internet qua wifi/LAN.
A6: • | B6: Đảo chiều không dây | C6: Các cặp công tắc chung mạch (2 đầu P.Khách, 2 đầu hành lang T2, cửa + đầu giường các phòng ngủ, cầu thang T2–T3) ghép nhóm trên app – bật/tắt đồng bộ 2 đầu, không cần dây đảo chiều.
A7: • | B7: Điều khiển | C7: Tại chỗ (chạm), app DOFA Smart từ xa, giọng nói tiếng Việt (Google Assistant/Alexa), hẹn giờ tự động, ngữ cảnh một chạm.
A8: • | B8: Yêu cầu lắp đặt | C8: Đế âm tiêu chuẩn; khuyến nghị có dây trung tính (N) tại hộp công tắc – xác nhận cùng đội điện trước khi đặt hàng; mạch LED nhỏ lắp kèm tụ bù chống nháy.
A10: 2. NGỮ CẢNH THÔNG MINH ĐỀ XUẤT (cài đặt sẵn khi bàn giao)
A11: STT | B11: Ngữ cảnh | C11: Hoạt động | G11: Kích hoạt
A12: 1 | B12: Về nhà | C12: Bật đèn P.Khách (M1) + LED kệ TiVi (M2) + đèn mặt tiền (M3A) | G12: App / giọng nói / một chạm
A13: 2 | B13: Tiếp khách | C13: Bật 100% đèn P.Khách + bếp/bàn ăn (M1, M3, M4, M5) | G13: App / giọng nói
A14: 3 | B14: Ăn tối | C14: Chỉ bật đèn thả bàn ăn (M5) + LED kệ (M2), tắt downlight chính | G14: App / giọng nói
A15: 4 | B15: Đi ngủ | C15: Tắt toàn bộ đèn tầng 1 + hành lang, giữ đèn cầu thang 15 phút rồi tự tắt | G15: Chạm tại đầu giường
A16: 5 | B16: Ra khỏi nhà | C16: Tắt toàn bộ đèn 3 tầng bằng 1 lệnh | G16: App / giọng nói
A17: 6 | B17: Thờ cúng | C17: Bật đèn phòng thờ (M22, M23) theo giờ mùng 1, ngày rằm (hẹn giờ) | G17: Tự động / app
A18: 7 | B18: Tiệc BBQ | C18: Bật đèn sân chơi T3 (M24, M25, M25A) | G18: App / giọng nói
A19: 8 | B19: Đèn mặt tiền tự động | C19: M3A + đèn lô gia bật 18h00 – tắt 23h00 hằng ngày | G19: Hẹn giờ tự động
A21: 3. TÙY CHỌN MỞ RỘNG (chưa cộng vào tổng dự toán – sửa SL ô vàng nếu muốn thêm)
A22: STT | B22: Thiết bị | C22: Vị trí đề xuất | D22: ĐVT | E22: SL | F22: Đơn giá (VNĐ) | G22: Thành tiền (VNĐ)
A23: 1 | B23: Công tắc bình nóng lạnh cảm ứng wifi 20A DOFA | C23: WC 01, WC 02, WC 03 | D23: cái | E23: 3 | F23: ='TỔNG HỢP'!$F$12 -> 455000 | G23: =E23*F23 -> 1365000
A24: 2 | B24: Công tắc điều khiển ngữ cảnh DOFA (một chạm) | C24: Đầu giường Master, cửa chính | D24: cái | E24: 2 | F24: ='TỔNG HỢP'!$F$13 -> 850000 | G24: =E24*F24 -> 1700000
A25: CỘNG TÙY CHỌN MỞ RỘNG | G25: =SUM(G23:G24) -> 3065000
